{"data": {"\u0421\u043e\u0432\u0435\u0442\u0441\u043a\u0430\u044f": 54193.04684346095, "\u0410\u043b\u0430\u0431\u0438\u043d\u0441\u043a\u0430\u044f": 62121.21212121212, "\u0421\u043f\u043e\u0440\u0442\u0438\u0432\u043d\u0430\u044f": 52564.10256410256, "\u0420\u043e\u0441\u0441\u0438\u0439\u0441\u043a\u0430\u044f": 54926.22823383084, "\u042e\u043d\u0433\u043e\u0440\u043e\u0434\u043e\u043a": 45000.0, "\u041c\u043e\u0441\u043a\u043e\u0432\u0441\u043a\u0430\u044f": 55789.47368421053, "\u0411\u0435\u0437\u044b\u043c\u044f\u043d\u043a\u0430": 53125.0, "\u041a\u0438\u0440\u043e\u0432\u0441\u043a\u0430\u044f": 50000.0, "\u0413\u0430\u0433\u0430\u0440\u0438\u043d\u0441\u043a\u0430\u044f": 53336.84210526316, "\u041f\u043e\u0431\u0435\u0434\u0430": 51666.666666666664}, "desc": "\u0421\u0430\u043c\u044b\u043c \u0434\u043e\u0440\u043e\u0433\u0438\u043c \u0440\u0430\u0439\u043e\u043d\u043e\u043c \u0432 \u0421\u0430\u043c\u0430\u0440\u0435 \u044f\u0432\u043b\u044f\u0435\u0442\u0441\u044f \u0440\u0430\u0439\u043e\u043d \u043c\u0435\u0442\u0440\u043e \u0410\u043b\u0430\u0431\u0438\u043d\u0441\u043a\u0430\u044f. \u0421\u0440\u0435\u0434\u043d\u044f\u044f \u0441\u0442\u043e\u0438\u043c\u043e\u0441\u0442\u044c \u043a\u0432\u0430\u0434\u0440\u0430\u0442\u043d\u043e\u0433\u043e \u043c\u0435\u0442\u0440\u0430 \u043d\u0430 14 \u043d\u043e\u044f\u0431\u0440\u044f \u0432 \u044d\u0442\u043e\u043c \u0440\u0430\u0439\u043e\u043d\u0435 \u0441\u043e\u0441\u0442\u0430\u0432\u043b\u044f\u0435\u0442 62121 \u0442\u044b\u0441. \u0440\u0443\u0431\u043b\u0435\u0439. \u0421\u0430\u043c\u044b\u043c \u0434\u043e\u0441\u0442\u0443\u043f\u043d\u044b\u043c \u0440\u0430\u0439\u043e\u043d\u043e\u043c \u043c\u0435\u0442\u0440\u043e  \u0432 \u0421\u0430\u043c\u0430\u0440\u0435 \u044f\u0432\u043b\u044f\u0435\u0442\u0441\u044f \u0440\u0430\u0439\u043e\u043d \u043c\u0435\u0442\u0440\u043e \u042e\u043d\u0433\u043e\u0440\u043e\u0434\u043e\u043a. \u041c\u0438\u043d\u0438\u043c\u0430\u043b\u044c\u043d\u0430\u044f \u0441\u0440\u0435\u0434\u043d\u044f\u044f \u0441\u0442\u043e\u0438\u043c\u043e\u0441\u0442\u044c \u043a\u0432\u0430\u0434\u0440\u0430\u0442\u043d\u043e\u0433\u043e \u043c\u0435\u0442\u0440\u0430 \u0436\u0438\u043b\u044c\u044f \u043d\u0430 14 \u043d\u043e\u044f\u0431\u0440\u044f \u0441\u043e\u0441\u0442\u0430\u0432\u043b\u044f\u0435\u0442 45000 \u0442\u044b\u0441. \u0440\u0443\u0431\u043b\u0435\u0439. "}