{"data": {"\u041c\u0430\u044f\u043a\u043e\u0432\u0441\u043a\u0430\u044f": 123287.67123287672, "\u041f\u0440\u043e\u0441\u043f\u0435\u043a\u0442 \u0412\u0435\u0442\u0435\u0440\u0430\u043d\u043e\u0432": 87866.54570301835, "\u0412\u0430\u0441\u0438\u043b\u0435\u043e\u0441\u0442\u0440\u043e\u0432\u0441\u043a\u0430\u044f": 123342.32495427542, "\u041f\u0438\u043e\u043d\u0435\u0440\u0441\u043a\u0430\u044f": 101352.59807666477, "\u0417\u0432\u0435\u043d\u0438\u0433\u043e\u0440\u043e\u0434\u0441\u043a\u0430\u044f": 117796.61016949153, "\u0410\u0432\u0442\u043e\u0432\u043e": 89508.33057804781, "\u0411\u0435\u0433\u043e\u0432\u0430\u044f": 122270.74439487282, "\u041e\u0437\u0435\u0440\u043a\u0438": 103333.33333333333, "\u0423\u043b\u0438\u0446\u0430 \u0414\u044b\u0431\u0435\u043d\u043a\u043e": 89837.99503561264, "\u041f\u0440\u043e\u0441\u043f\u0435\u043a\u0442 \u041f\u0440\u043e\u0441\u0432\u0435\u0449\u0435\u043d\u0438\u044f": 91428.57142857143, "\u0421\u0435\u043d\u043d\u0430\u044f \u043f\u043b\u043e\u0449\u0430\u0434\u044c": 107843.13725490196, "\u0412\u043b\u0430\u0434\u0438\u043c\u0438\u0440\u0441\u043a\u0430\u044f": 117924.52830188679, "\u0421\u043f\u0430\u0441\u0441\u043a\u0430\u044f": 111776.52279144817, "\u041d\u0430\u0440\u0432\u0441\u043a\u0430\u044f": 88764.04494382022, "\u041f\u0443\u0448\u043a\u0438\u043d\u0441\u043a\u0430\u044f": 101866.24710931392, "\u041f\u043b\u043e\u0449\u0430\u0434\u044c \u0410. \u041d\u0435\u0432\u0441\u043a\u043e\u0433\u043e I": 122832.07581453634, "\u041a\u0440\u0435\u0441\u0442\u043e\u0432\u0441\u043a\u0438\u0439 \u043e\u0441\u0442\u0440\u043e\u0432": 261842.1052631579, "\u041c\u0435\u0436\u0434\u0443\u043d\u0430\u0440\u043e\u0434\u043d\u0430\u044f": 103225.80645161291, "(100&nbsp;\u043c)": 80927.91318914157, "\u041e\u0431\u0432\u043e\u0434\u043d\u044b\u0439 \u043a\u0430\u043d\u0430\u043b": 107142.85714285714, "\u041d\u043e\u0432\u043e\u043a\u0440\u0435\u0441\u0442\u043e\u0432\u0441\u043a\u0430\u044f": 164071.6774514684, "\u0424\u0440\u0443\u043d\u0437\u0435\u043d\u0441\u043a\u0430\u044f": 122614.98550724638, "\u041a\u043e\u043c\u0435\u043d\u0434\u0430\u043d\u0442\u0441\u043a\u0438\u0439 \u043f\u0440\u043e\u0441\u043f\u0435\u043a\u0442": 97365.60019408973, "\u041d\u0435\u0432\u0441\u043a\u0438\u0439 \u043f\u0440\u043e\u0441\u043f\u0435\u043a\u0442": 174828.76864444208, "\u0421\u0430\u0434\u043e\u0432\u0430\u044f": 110204.08163265306, "\u041d\u043e\u0432\u043e\u0447\u0435\u0440\u043a\u0430\u0441\u0441\u043a\u0430\u044f": 111807.8947368421, "\u041f\u043b\u043e\u0449\u0430\u0434\u044c \u041b\u0435\u043d\u0438\u043d\u0430": 109826.20320855615, "\u041e\u0431\u0443\u0445\u043e\u0432\u043e": 89354.3956043956, "\u041f\u043b\u043e\u0449\u0430\u0434\u044c \u041c\u0443\u0436\u0435\u0441\u0442\u0432\u0430": 101923.07692307692, "\u0427\u0435\u0440\u043d\u044b\u0448\u0435\u0432\u0441\u043a\u0430\u044f": 174796.74525692413, "\u0413\u0440\u0430\u0436\u0434\u0430\u043d\u0441\u043a\u0438\u0439 \u043f\u0440\u043e\u0441\u043f\u0435\u043a\u0442": 84426.22950819672, "\u0412\u043e\u043b\u043a\u043e\u0432\u0441\u043a\u0430\u044f": 86206.89979165739, "\u041c\u043e\u0441\u043a\u043e\u0432\u0441\u043a\u0438\u0435 \u0432\u043e\u0440\u043e\u0442\u0430": 129032.25352793562, "\u0415\u043b\u0438\u0437\u0430\u0440\u043e\u0432\u0441\u043a\u0430\u044f": 103888.38351403615, "\u0421\u043f\u043e\u0440\u0442\u0438\u0432\u043d\u0430\u044f": 183666.66666666666, "\u0413\u043e\u0441\u0442\u0438\u043d\u044b\u0439 \u0434\u0432\u043e\u0440": 166654.32098765433, "\u041f\u043b\u043e\u0449\u0430\u0434\u044c \u0410. \u041d\u0435\u0432\u0441\u043a\u043e\u0433\u043e II": 124166.66666666667, "\u0412\u044b\u0431\u043e\u0440\u0433\u0441\u043a\u0430\u044f": 103971.8309859155, "\u041f\u043e\u043b\u0438\u0442\u0435\u0445\u043d\u0438\u0447\u0435\u0441\u043a\u0430\u044f": 107313.93831293509, "\u041a\u0438\u0440\u043e\u0432\u0441\u043a\u0438\u0439 \u0437\u0430\u0432\u043e\u0434": 94682.40145425341, "\u0420\u044b\u0431\u0430\u0446\u043a\u043e\u0435": 71517.67140443638, "\u0427\u0435\u0440\u043d\u0430\u044f \u0440\u0435\u0447\u043a\u0430": 120634.92063492064, "\u0411\u0430\u043b\u0442\u0438\u0439\u0441\u043a\u0430\u044f": 104020.20068389685, "\u0413\u043e\u0440\u044c\u043a\u043e\u0432\u0441\u043a\u0430\u044f": 165169.32451565098, "\u041b\u0435\u0441\u043d\u0430\u044f": 99210.52631578948, "\u041f\u043b\u043e\u0449\u0430\u0434\u044c \u0412\u043e\u0441\u0441\u0442\u0430\u043d\u0438\u044f": 121274.8052252816, "\u0422\u0435\u0445\u043d\u043e\u043b\u043e\u0433\u0438\u0447\u0435\u0441\u043a\u0438\u0439 \u0438\u043d-\u0442 II": 107526.87634408602, "\u042d\u043b\u0435\u043a\u0442\u0440\u043e\u0441\u0438\u043b\u0430": 125000.0, "\u0414\u043e\u0441\u0442\u043e\u0435\u0432\u0441\u043a\u0430\u044f": 119230.76923076923, "\u0423\u0434\u0435\u043b\u044c\u043d\u0430\u044f": 112499.99630040149, "\u041f\u0430\u0440\u043d\u0430\u0441": 86986.30136986301, "\u041b\u0430\u0434\u043e\u0436\u0441\u043a\u0430\u044f": 90384.61538461539, "\u041f\u0440\u043e\u0441\u043f\u0435\u043a\u0442 \u0411\u043e\u043b\u044c\u0448\u0435\u0432\u0438\u043a\u043e\u0432": 103218.89810006236, "\u041f\u0440\u0438\u043c\u043e\u0440\u0441\u043a\u0430\u044f": 123392.26482708444, "\u0410\u043a\u0430\u0434\u0435\u043c\u0438\u0447\u0435\u0441\u043a\u0430\u044f": 97843.13725490196, "\u0411\u0443\u0445\u0430\u0440\u0435\u0441\u0442\u0441\u043a\u0430\u044f": 98977.20119352089, "\u0422\u0435\u0445\u043d\u043e\u043b\u043e\u0433\u0438\u0447\u0435\u0441\u043a\u0438\u0439 \u0438\u043d-\u0442 I": 104403.68455074338, "\u0410\u0434\u043c\u0438\u0440\u0430\u043b\u0442\u0435\u0439\u0441\u043a\u0430\u044f": 154903.8881607689, "\u0414\u0435\u0432\u044f\u0442\u043a\u0438\u043d\u043e": 73421.05263157895, "\u041b\u0438\u0433\u043e\u0432\u0441\u043a\u0438\u0439 \u043f\u0440\u043e\u0441\u043f\u0435\u043a\u0442": 112903.2258064516, "\u041b\u043e\u043c\u043e\u043d\u043e\u0441\u043e\u0432\u0441\u043a\u0430\u044f": 79475.3048990836, "\u041f\u0440\u043e\u043b\u0435\u0442\u0430\u0440\u0441\u043a\u0430\u044f": 95759.6643691939, "\u0421\u0442\u0430\u0440\u0430\u044f \u0434\u0435\u0440\u0435\u0432\u043d\u044f": 113138.69033177472, "\u041c\u043e\u0441\u043a\u043e\u0432\u0441\u043a\u0430\u044f": 109144.07814407814, "\u0427\u043a\u0430\u043b\u043e\u0432\u0441\u043a\u0430\u044f": 156809.71202710335, "\u0417\u0432\u0435\u0437\u0434\u043d\u0430\u044f": 100000.00307636886, "\u041f\u0430\u0440\u043a \u041f\u043e\u0431\u0435\u0434\u044b": 119166.66666666667, "\u041b\u0435\u043d\u0438\u043d\u0441\u043a\u0438\u0439 \u043f\u0440\u043e\u0441\u043f\u0435\u043a\u0442": 95015.70247933884, "\u041f\u0435\u0442\u0440\u043e\u0433\u0440\u0430\u0434\u0441\u043a\u0430\u044f": 147440.23693591973, "\u041a\u0443\u043f\u0447\u0438\u043d\u043e": 83912.81982942432},