{"data": {"\u0411\u0443\u0440\u0435\u0432\u0435\u0441\u0442\u043d\u0438\u043a": 52770.44642423981, "\u041a\u0430\u043d\u0430\u0432\u0438\u043d\u0441\u043a\u0430\u044f": 56666.666666666664, "\u0414\u0432\u0438\u0433\u0430\u0442\u0435\u043b\u044c \u0420\u0435\u0432\u043e\u043b\u044e\u0446\u0438\u0438": 57500.0, "\u0411\u0443\u0440\u043d\u0430\u043a\u043e\u0432\u0441\u043a\u0430\u044f": 59375.0, "\u0417\u0430\u0440\u0435\u0447\u043d\u0430\u044f": 56270.09577281871, "\u0421\u0442\u0440\u0435\u043b\u043a\u0430": 69696.9696969697, "\u041a\u043e\u043c\u0441\u043e\u043c\u043e\u043b\u044c\u0441\u043a\u0430\u044f": 53830.769230769234, "\u0413\u043e\u0440\u044c\u043a\u043e\u0432\u0441\u043a\u0430\u044f": 67073.17073170732, "\u041f\u0440\u043e\u043b\u0435\u0442\u0430\u0440\u0441\u043a\u0430\u044f": 53114.78725068975, "\u0410\u0432\u0442\u043e\u0437\u0430\u0432\u043e\u0434\u0441\u043a\u0430\u044f": 54651.16279069767, "\u041c\u043e\u0441\u043a\u043e\u0432\u0441\u043a\u0430\u044f": 61845.90948671151, "\u0427\u043a\u0430\u043b\u043e\u0432\u0441\u043a\u0430\u044f": 56451.6129032258, "\u041a\u0438\u0440\u043e\u0432\u0441\u043a\u0430\u044f": 56250.0, "\u041b\u0435\u043d\u0438\u043d\u0441\u043a\u0430\u044f": 59375.0, "\u041f\u0430\u0440\u043a \u041a\u0443\u043b\u044c\u0442\u0443\u0440\u044b": 53968.25396825397}, "desc": "\u0421\u0430\u043c\u044b\u043c \u0434\u043e\u0440\u043e\u0433\u0438\u043c \u0440\u0430\u0439\u043e\u043d\u043e\u043c \u0432 \u041d\u0438\u0436\u043d\u0435\u043c \u041d\u043e\u0432\u0433\u043e\u0440\u043e\u0434\u0435 \u044f\u0432\u043b\u044f\u0435\u0442\u0441\u044f \u0440\u0430\u0439\u043e\u043d \u043c\u0435\u0442\u0440\u043e \u0421\u0442\u0440\u0435\u043b\u043a\u0430. \u0421\u0440\u0435\u0434\u043d\u044f\u044f \u0441\u0442\u043e\u0438\u043c\u043e\u0441\u0442\u044c \u043a\u0432\u0430\u0434\u0440\u0430\u0442\u043d\u043e\u0433\u043e \u043c\u0435\u0442\u0440\u0430 \u043d\u0430 14 \u043d\u043e\u044f\u0431\u0440\u044f \u0432 \u044d\u0442\u043e\u043c \u0440\u0430\u0439\u043e\u043d\u0435 \u0441\u043e\u0441\u0442\u0430\u0432\u043b\u044f\u0435\u0442 69696 \u0442\u044b\u0441. \u0440\u0443\u0431\u043b\u0435\u0439. \u0421\u0430\u043c\u044b\u043c \u0434\u043e\u0441\u0442\u0443\u043f\u043d\u044b\u043c \u0440\u0430\u0439\u043e\u043d\u043e\u043c \u043c\u0435\u0442\u0440\u043e  \u0432 \u041d\u0438\u0436\u043d\u0435\u043c \u041d\u043e\u0432\u0433\u043e\u0440\u043e\u0434\u0435 \u044f\u0432\u043b\u044f\u0435\u0442\u0441\u044f \u0440\u0430\u0439\u043e\u043d \u043c\u0435\u0442\u0440\u043e \u0411\u0443\u0440\u0435\u0432\u0435\u0441\u0442\u043d\u0438\u043a. \u041c\u0438\u043d\u0438\u043c\u0430\u043b\u044c\u043d\u0430\u044f \u0441\u0440\u0435\u0434\u043d\u044f\u044f \u0441\u0442\u043e\u0438\u043c\u043e\u0441\u0442\u044c \u043a\u0432\u0430\u0434\u0440\u0430\u0442\u043d\u043e\u0433\u043e \u043c\u0435\u0442\u0440\u0430 \u0436\u0438\u043b\u044c\u044f \u043d\u0430 14 \u043d\u043e\u044f\u0431\u0440\u044f \u0441\u043e\u0441\u0442\u0430\u0432\u043b\u044f\u0435\u0442 52770 \u0442\u044b\u0441. \u0440\u0443\u0431\u043b\u0435\u0439. "}