{"data": {"\u0413\u043e\u0440\u043a\u0438": 64705.882352941175, "\u0410\u043c\u0435\u0442\u044c\u0435\u0432\u043e": 65824.23759361872, "\u0410\u0432\u0438\u0430\u0441\u0442\u0440\u043e\u0438\u0442\u0435\u043b\u044c\u043d\u0430\u044f": 59444.444444444445, "\u041f\u043b\u043e\u0449\u0430\u0434\u044c \u0422\u0443\u043a\u0430\u044f": 73333.33333333333, "\u041a\u043e\u0437\u044c\u044f \u0421\u043b\u043e\u0431\u043e\u0434\u0430": 73000.0, "\u041a\u0440\u0435\u043c\u043b\u0451\u0432\u0441\u043a\u0430\u044f": 69286.18650599281, "\u0421\u0443\u043a\u043e\u043d\u043d\u0430\u044f \u0441\u043b\u043e\u0431\u043e\u0434\u0430": 72266.66666666667, "\u041f\u0440\u043e\u0441\u043f\u0435\u043a\u0442 \u041f\u043e\u0431\u0435\u0434\u044b": 62117.64705882353, "\u042f\u0448\u044c\u043b\u0435\u043a": 64252.87356321839, "\u0421\u0435\u0432\u0435\u0440\u043d\u044b\u0439 \u0432\u043e\u043a\u0437\u0430\u043b": 60314.98015873016}, "desc": "\u0421\u0430\u043c\u044b\u043c \u0434\u043e\u0440\u043e\u0433\u0438\u043c \u0440\u0430\u0439\u043e\u043d\u043e\u043c \u0432 \u041a\u0430\u0437\u0430\u043d\u0438 \u044f\u0432\u043b\u044f\u0435\u0442\u0441\u044f \u0440\u0430\u0439\u043e\u043d \u043c\u0435\u0442\u0440\u043e \u041f\u043b\u043e\u0449\u0430\u0434\u044c \u0422\u0443\u043a\u0430\u044f. \u0421\u0440\u0435\u0434\u043d\u044f\u044f \u0441\u0442\u043e\u0438\u043c\u043e\u0441\u0442\u044c \u043a\u0432\u0430\u0434\u0440\u0430\u0442\u043d\u043e\u0433\u043e \u043c\u0435\u0442\u0440\u0430 \u043d\u0430 25 \u043e\u043a\u0442\u044f\u0431\u0440\u044f \u0432 \u044d\u0442\u043e\u043c \u0440\u0430\u0439\u043e\u043d\u0435 \u0441\u043e\u0441\u0442\u0430\u0432\u043b\u044f\u0435\u0442 73333 \u0442\u044b\u0441. \u0440\u0443\u0431\u043b\u0435\u0439. \u0421\u0430\u043c\u044b\u043c \u0434\u043e\u0441\u0442\u0443\u043f\u043d\u044b\u043c \u0440\u0430\u0439\u043e\u043d\u043e\u043c \u043c\u0435\u0442\u0440\u043e  \u0432 \u041a\u0430\u0437\u0430\u043d\u0438 \u044f\u0432\u043b\u044f\u0435\u0442\u0441\u044f \u0440\u0430\u0439\u043e\u043d \u043c\u0435\u0442\u0440\u043e \u0410\u0432\u0438\u0430\u0441\u0442\u0440\u043e\u0438\u0442\u0435\u043b\u044c\u043d\u0430\u044f. \u041c\u0438\u043d\u0438\u043c\u0430\u043b\u044c\u043d\u0430\u044f \u0441\u0440\u0435\u0434\u043d\u044f\u044f \u0441\u0442\u043e\u0438\u043c\u043e\u0441\u0442\u044c \u043a\u0432\u0430\u0434\u0440\u0430\u0442\u043d\u043e\u0433\u043e \u043c\u0435\u0442\u0440\u0430 \u0436\u0438\u043b\u044c\u044f \u043d\u0430 25 \u043e\u043a\u0442\u044f\u0431\u0440\u044f \u0441\u043e\u0441\u0442\u0430\u0432\u043b\u044f\u0435\u0442 59444 \u0442\u044b\u0441. \u0440\u0443\u0431\u043b\u0435\u0439. "}