{"data": {"\u0417\u0430\u0440\u0435\u0447\u044c\u0435": 36789.29812822754, "\u0418\u043d\u0434\u0443\u0441\u0442\u0440\u0438\u0430\u043b\u044c\u043d\u044b\u0439": 32352.941176470587, "\u0412\u043e\u0434\u043d\u0438\u043a\u0438": 40941.19125234711, "\u0417\u0430\u0432\u043e\u043a\u0437\u0430\u043b\u044c\u043d\u044b\u0439": 36990.19210504985, "\u041b\u0443\u043a\u044c\u044f\u043d\u043e\u0432\u043e": 32926.829268292684, "\u0446\u0435\u043d\u0442\u0440": 47142.857142857145, "\u0426\u0435\u043d\u0442\u0440": 40640.39561606706, "\u0411\u044b\u0432\u0430\u043b\u043e\u0432\u043e \u042f\u0440\u043e\u0441\u043b\u0430\u0432\u0441\u043a\u0430\u044f \u0443\u043b\u0438\u0446\u0430": 38717.94871794872, "\u041b\u044c\u043d\u043e\u043a\u043e\u043c\u0431\u0438\u043d\u0430\u0442": 30701.970443349754, "\u0411\u044b\u0432\u0430\u043b\u043e\u0432\u043e": 41017.551880521816, "\u0422\u0435\u043f\u043b\u0438\u0447\u043d\u044b\u0439": 41085.22659445762, "\u0417\u0430\u0448\u0435\u043a\u0441\u043d\u0438\u043d\u0441\u043a\u0438\u0439": 31696.428571428572, "\u0411\u044b\u0432\u0430\u043b\u043e\u0432\u043e \u041d\u043e\u0432\u0433\u043e\u0440\u043e\u0434\u0441\u043a\u0430\u044f \u0443\u043b\u0438\u0446\u0430": 42166.666666666664, "\u041f\u043e\u0434\u0448\u0438\u043f\u043d\u0438\u043a\u043e\u0432\u044b\u0439 \u0437\u0430\u0432\u043e\u0434": 38793.10429875833}, "desc": "\u0421\u0430\u043c\u044b\u043c \u0434\u043e\u0440\u043e\u0433\u0438\u043c \u0440\u0430\u0439\u043e\u043d\u043e\u043c \u0432 \u0412\u043e\u043b\u043e\u0433\u0434\u0435 \u044f\u0432\u043b\u044f\u0435\u0442\u0441\u044f \u0440\u0430\u0439\u043e\u043d \u0446\u0435\u043d\u0442\u0440. \u0421\u0440\u0435\u0434\u043d\u044f\u044f \u0441\u0442\u043e\u0438\u043c\u043e\u0441\u0442\u044c \u043a\u0432\u0430\u0434\u0440\u0430\u0442\u043d\u043e\u0433\u043e \u043c\u0435\u0442\u0440\u0430 \u043d\u0430 14 \u043d\u043e\u044f\u0431\u0440\u044f \u0432 \u044d\u0442\u043e\u043c \u0440\u0430\u0439\u043e\u043d\u0435 \u0441\u043e\u0441\u0442\u0430\u0432\u043b\u044f\u0435\u0442 47142 \u0442\u044b\u0441. \u0440\u0443\u0431\u043b\u0435\u0439. \u0421\u0430\u043c\u044b\u043c \u0434\u043e\u0441\u0442\u0443\u043f\u043d\u044b\u043c \u0440\u0430\u0439\u043e\u043d\u043e\u043c  \u0432 \u0412\u043e\u043b\u043e\u0433\u0434\u0435 \u044f\u0432\u043b\u044f\u0435\u0442\u0441\u044f \u0440\u0430\u0439\u043e\u043d \u041b\u044c\u043d\u043e\u043a\u043e\u043c\u0431\u0438\u043d\u0430\u0442. \u041c\u0438\u043d\u0438\u043c\u0430\u043b\u044c\u043d\u0430\u044f \u0441\u0440\u0435\u0434\u043d\u044f\u044f \u0441\u0442\u043e\u0438\u043c\u043e\u0441\u0442\u044c \u043a\u0432\u0430\u0434\u0440\u0430\u0442\u043d\u043e\u0433\u043e \u043c\u0435\u0442\u0440\u0430 \u0436\u0438\u043b\u044c\u044f \u043d\u0430 14 \u043d\u043e\u044f\u0431\u0440\u044f \u0441\u043e\u0441\u0442\u0430\u0432\u043b\u044f\u0435\u0442 30701 \u0442\u044b\u0441. \u0440\u0443\u0431\u043b\u0435\u0439. "}