{"data": {"\u041e\u0440\u0434\u0436\u043e\u043d\u0438\u043a\u0438\u0434\u0437\u0435\u0432\u0441\u043a\u0438\u0439": 55555.555555555555, "\u0421\u043e\u0432\u0435\u0442\u0441\u043a\u0438\u0439": 64864.86486486487, "\u041a\u0438\u0440\u043e\u0432\u0441\u043a\u0438\u0439": 63918.45175969969, "\u0414\u0451\u043c\u0441\u043a\u0438\u0439": 51875.0, "\u041e\u043a\u0442\u044f\u0431\u0440\u044c\u0441\u043a\u0438\u0439": 61794.942995092664, "\u041b\u0435\u043d\u0438\u043d\u0441\u043a\u0438\u0439": 58780.46511627907, "\u041f\u0440\u0438\u043a\u0443\u0431\u0430\u043d\u0441\u043a\u0438\u0439": 40000.0, "\u041a\u0430\u043b\u0438\u043d\u0438\u043d\u0441\u043a\u0438\u0439": 50000.0}, "desc": "\u0421\u0430\u043c\u044b\u043c \u0434\u043e\u0440\u043e\u0433\u0438\u043c \u0440\u0430\u0439\u043e\u043d\u043e\u043c \u0432 \u0423\u0444\u0435 \u044f\u0432\u043b\u044f\u0435\u0442\u0441\u044f \u0440\u0430\u0439\u043e\u043d \u0421\u043e\u0432\u0435\u0442\u0441\u043a\u0438\u0439. \u0421\u0440\u0435\u0434\u043d\u044f\u044f \u0441\u0442\u043e\u0438\u043c\u043e\u0441\u0442\u044c \u043a\u0432\u0430\u0434\u0440\u0430\u0442\u043d\u043e\u0433\u043e \u043c\u0435\u0442\u0440\u0430 \u043d\u0430 14 \u043d\u043e\u044f\u0431\u0440\u044f \u0432 \u044d\u0442\u043e\u043c \u0440\u0430\u0439\u043e\u043d\u0435 \u0441\u043e\u0441\u0442\u0430\u0432\u043b\u044f\u0435\u0442 64864 \u0442\u044b\u0441. \u0440\u0443\u0431\u043b\u0435\u0439. \u0421\u0430\u043c\u044b\u043c \u0434\u043e\u0441\u0442\u0443\u043f\u043d\u044b\u043c \u0440\u0430\u0439\u043e\u043d\u043e\u043c  \u0432 \u0423\u0444\u0435 \u044f\u0432\u043b\u044f\u0435\u0442\u0441\u044f \u0440\u0430\u0439\u043e\u043d \u041f\u0440\u0438\u043a\u0443\u0431\u0430\u043d\u0441\u043a\u0438\u0439. \u041c\u0438\u043d\u0438\u043c\u0430\u043b\u044c\u043d\u0430\u044f \u0441\u0440\u0435\u0434\u043d\u044f\u044f \u0441\u0442\u043e\u0438\u043c\u043e\u0441\u0442\u044c \u043a\u0432\u0430\u0434\u0440\u0430\u0442\u043d\u043e\u0433\u043e \u043c\u0435\u0442\u0440\u0430 \u0436\u0438\u043b\u044c\u044f \u043d\u0430 14 \u043d\u043e\u044f\u0431\u0440\u044f \u0441\u043e\u0441\u0442\u0430\u0432\u043b\u044f\u0435\u0442 40000 \u0442\u044b\u0441. \u0440\u0443\u0431\u043b\u0435\u0439. "}