{"data": {"\u041c\u0430\u0448\u0438\u043d\u043e\u0441\u0442\u0440\u043e\u0438\u0442\u0435\u043b\u0435\u0439": 62699.997631866245, "\u0414\u0438\u043d\u0430\u043c\u043e": 73000.0, "\u041f\u0440\u043e\u0441\u043f\u0435\u043a\u0442 \u041a\u043e\u0441\u043c\u043e\u043d\u0430\u0432\u0442\u043e\u0432": 63480.39334391413, "\u0413\u0435\u043e\u043b\u043e\u0433\u0438\u0447\u0435\u0441\u043a\u0430\u044f": 74587.17787259075, "\u0423\u0440\u0430\u043b\u044c\u0441\u043a\u0430\u044f": 63560.48293475737, "\u041f\u043b\u043e\u0449\u0430\u0434\u044c 1905 \u0433\u043e\u0434\u0430": 68333.33333333333, "\u0427\u043a\u0430\u043b\u043e\u0432\u0441\u043a\u0430\u044f": 70000.0, "\u0411\u043e\u0442\u0430\u043d\u0438\u0447\u0435\u0441\u043a\u0430\u044f": 60256.41025641026, "\u0423\u0440\u0430\u043b\u043c\u0430\u0448": 61688.31168831169}, "desc": "\u0421\u0430\u043c\u044b\u043c \u0434\u043e\u0440\u043e\u0433\u0438\u043c \u0440\u0430\u0439\u043e\u043d\u043e\u043c \u0432 \u0415\u043a\u0430\u0442\u0435\u0440\u0438\u043d\u0431\u0443\u0440\u0433\u0435 \u044f\u0432\u043b\u044f\u0435\u0442\u0441\u044f \u0440\u0430\u0439\u043e\u043d \u043c\u0435\u0442\u0440\u043e \u0413\u0435\u043e\u043b\u043e\u0433\u0438\u0447\u0435\u0441\u043a\u0430\u044f. \u0421\u0440\u0435\u0434\u043d\u044f\u044f \u0441\u0442\u043e\u0438\u043c\u043e\u0441\u0442\u044c \u043a\u0432\u0430\u0434\u0440\u0430\u0442\u043d\u043e\u0433\u043e \u043c\u0435\u0442\u0440\u0430 \u043d\u0430 14 \u043d\u043e\u044f\u0431\u0440\u044f \u0432 \u044d\u0442\u043e\u043c \u0440\u0430\u0439\u043e\u043d\u0435 \u0441\u043e\u0441\u0442\u0430\u0432\u043b\u044f\u0435\u0442 74587 \u0442\u044b\u0441. \u0440\u0443\u0431\u043b\u0435\u0439. \u0421\u0430\u043c\u044b\u043c \u0434\u043e\u0441\u0442\u0443\u043f\u043d\u044b\u043c \u0440\u0430\u0439\u043e\u043d\u043e\u043c \u043c\u0435\u0442\u0440\u043e  \u0432 \u0415\u043a\u0430\u0442\u0435\u0440\u0438\u043d\u0431\u0443\u0440\u0433\u0435 \u044f\u0432\u043b\u044f\u0435\u0442\u0441\u044f \u0440\u0430\u0439\u043e\u043d \u043c\u0435\u0442\u0440\u043e \u0411\u043e\u0442\u0430\u043d\u0438\u0447\u0435\u0441\u043a\u0430\u044f. \u041c\u0438\u043d\u0438\u043c\u0430\u043b\u044c\u043d\u0430\u044f \u0441\u0440\u0435\u0434\u043d\u044f\u044f \u0441\u0442\u043e\u0438\u043c\u043e\u0441\u0442\u044c \u043a\u0432\u0430\u0434\u0440\u0430\u0442\u043d\u043e\u0433\u043e \u043c\u0435\u0442\u0440\u0430 \u0436\u0438\u043b\u044c\u044f \u043d\u0430 14 \u043d\u043e\u044f\u0431\u0440\u044f \u0441\u043e\u0441\u0442\u0430\u0432\u043b\u044f\u0435\u0442 60256 \u0442\u044b\u0441. \u0440\u0443\u0431\u043b\u0435\u0439. "}