{"data": {"\u041c\u0435\u0442\u0430\u043b\u043b\u0443\u0440\u0433\u0438\u0447\u0435\u0441\u043a\u0438\u0439": 32444.444444444445, "\u041a\u0443\u0440\u0447\u0430\u0442\u043e\u0432\u0441\u043a\u0438\u0439": 36976.74418604651, "\u0421\u043e\u0432\u0435\u0442\u0441\u043a\u0438\u0439": 40897.98619164011, "\u0426\u0435\u043d\u0442\u0440\u0430\u043b\u044c\u043d\u044b\u0439": 44230.769230769234, "\u041f\u0440\u0430\u0432\u043e\u0431\u0435\u0440\u0435\u0436\u043d\u044b\u0439": 38008.069171883464, "\u0422\u0440\u0430\u043a\u0442\u043e\u0440\u043e\u0437\u0430\u0432\u043e\u0434\u0441\u043a\u0438\u0439": 34782.608695652176, "\u041b\u0435\u043d\u0438\u043d\u0441\u043a\u0438\u0439": 35866.666666666664, "\u041e\u0440\u0434\u0436\u043e\u043d\u0438\u043a\u0438\u0434\u0437\u0435\u0432\u0441\u043a\u0438\u0439": 34206.730769230766, "\u041a\u0430\u043b\u0438\u043d\u0438\u043d\u0441\u043a\u0438\u0439": 39629.62962962963, "\u043a\u0443\u0440\u0447\u0430\u0442\u043e\u0432\u0441\u043a\u0438\u0439 ": 46938.77551020408}, "desc": "\u0421\u0430\u043c\u044b\u043c \u0434\u043e\u0440\u043e\u0433\u0438\u043c \u0440\u0430\u0439\u043e\u043d\u043e\u043c \u0432 \u0427\u0435\u043b\u044f\u0431\u0438\u043d\u0441\u043a\u0435 \u044f\u0432\u043b\u044f\u0435\u0442\u0441\u044f \u0440\u0430\u0439\u043e\u043d \u043a\u0443\u0440\u0447\u0430\u0442\u043e\u0432\u0441\u043a\u0438\u0439 . \u0421\u0440\u0435\u0434\u043d\u044f\u044f \u0441\u0442\u043e\u0438\u043c\u043e\u0441\u0442\u044c \u043a\u0432\u0430\u0434\u0440\u0430\u0442\u043d\u043e\u0433\u043e \u043c\u0435\u0442\u0440\u0430 \u043d\u0430 14 \u043d\u043e\u044f\u0431\u0440\u044f \u0432 \u044d\u0442\u043e\u043c \u0440\u0430\u0439\u043e\u043d\u0435 \u0441\u043e\u0441\u0442\u0430\u0432\u043b\u044f\u0435\u0442 46938 \u0442\u044b\u0441. \u0440\u0443\u0431\u043b\u0435\u0439. \u0421\u0430\u043c\u044b\u043c \u0434\u043e\u0441\u0442\u0443\u043f\u043d\u044b\u043c \u0440\u0430\u0439\u043e\u043d\u043e\u043c  \u0432 \u0427\u0435\u043b\u044f\u0431\u0438\u043d\u0441\u043a\u0435 \u044f\u0432\u043b\u044f\u0435\u0442\u0441\u044f \u0440\u0430\u0439\u043e\u043d \u041c\u0435\u0442\u0430\u043b\u043b\u0443\u0440\u0433\u0438\u0447\u0435\u0441\u043a\u0438\u0439. \u041c\u0438\u043d\u0438\u043c\u0430\u043b\u044c\u043d\u0430\u044f \u0441\u0440\u0435\u0434\u043d\u044f\u044f \u0441\u0442\u043e\u0438\u043c\u043e\u0441\u0442\u044c \u043a\u0432\u0430\u0434\u0440\u0430\u0442\u043d\u043e\u0433\u043e \u043c\u0435\u0442\u0440\u0430 \u0436\u0438\u043b\u044c\u044f \u043d\u0430 14 \u043d\u043e\u044f\u0431\u0440\u044f \u0441\u043e\u0441\u0442\u0430\u0432\u043b\u044f\u0435\u0442 32444 \u0442\u044b\u0441. \u0440\u0443\u0431\u043b\u0435\u0439. "}