{"data": {"\u0417\u0430\u0432\u043e\u043a\u0437\u0430\u043b\u044c\u043d\u044b\u0439": 120000.0, "\u0425\u043e\u0441\u0442\u0438\u043d\u0441\u043a\u0438\u0439": 85000.0, "\u041d\u043e\u0432\u044b\u0435 \u0421\u043e\u0447\u0438": 52000.0, "\u0426\u0435\u043d\u0442\u0440\u0430\u043b\u044c\u043d\u044b\u0439": 85714.28571428571, "\u041b\u0430\u0437\u0430\u0440\u0435\u0432\u0441\u043a\u0438\u0439": 73333.33333333333, "\u041a\u0430\u0440\u0430\u0441\u0443\u043d\u0441\u043a\u0438\u0439": 67500.0, "\u041d\u043e\u0432\u044b\u0439 \u0421\u043e\u0447\u0438": 84303.0303030303, "\u041f\u0440\u0438\u043a\u0443\u0431\u0430\u043d\u0441\u043a\u0438\u0439": 68333.33333333334, "\u0410\u0434\u043b\u0435\u0440\u0441\u043a\u0438\u0439": 76923.07692307692}, "desc": "\u0421\u0430\u043c\u044b\u043c \u0434\u043e\u0440\u043e\u0433\u0438\u043c \u0440\u0430\u0439\u043e\u043d\u043e\u043c \u0432 \u0421\u043e\u0447\u0438 \u044f\u0432\u043b\u044f\u0435\u0442\u0441\u044f \u0440\u0430\u0439\u043e\u043d \u0417\u0430\u0432\u043e\u043a\u0437\u0430\u043b\u044c\u043d\u044b\u0439. \u0421\u0440\u0435\u0434\u043d\u044f\u044f \u0441\u0442\u043e\u0438\u043c\u043e\u0441\u0442\u044c \u043a\u0432\u0430\u0434\u0440\u0430\u0442\u043d\u043e\u0433\u043e \u043c\u0435\u0442\u0440\u0430 \u043d\u0430 14 \u043d\u043e\u044f\u0431\u0440\u044f \u0432 \u044d\u0442\u043e\u043c \u0440\u0430\u0439\u043e\u043d\u0435 \u0441\u043e\u0441\u0442\u0430\u0432\u043b\u044f\u0435\u0442 120000 \u0442\u044b\u0441. \u0440\u0443\u0431\u043b\u0435\u0439. \u0421\u0430\u043c\u044b\u043c \u0434\u043e\u0441\u0442\u0443\u043f\u043d\u044b\u043c \u0440\u0430\u0439\u043e\u043d\u043e\u043c  \u0432 \u0421\u043e\u0447\u0438 \u044f\u0432\u043b\u044f\u0435\u0442\u0441\u044f \u0440\u0430\u0439\u043e\u043d \u041d\u043e\u0432\u044b\u0435 \u0421\u043e\u0447\u0438. \u041c\u0438\u043d\u0438\u043c\u0430\u043b\u044c\u043d\u0430\u044f \u0441\u0440\u0435\u0434\u043d\u044f\u044f \u0441\u0442\u043e\u0438\u043c\u043e\u0441\u0442\u044c \u043a\u0432\u0430\u0434\u0440\u0430\u0442\u043d\u043e\u0433\u043e \u043c\u0435\u0442\u0440\u0430 \u0436\u0438\u043b\u044c\u044f \u043d\u0430 14 \u043d\u043e\u044f\u0431\u0440\u044f \u0441\u043e\u0441\u0442\u0430\u0432\u043b\u044f\u0435\u0442 52000 \u0442\u044b\u0441. \u0440\u0443\u0431\u043b\u0435\u0439. "}