{"data": {"\u041b\u0435\u0441\u043d\u043e\u0439": 37742.34693877551, "\u0412\u043e\u0441\u0442\u043e\u0447\u043d\u044b\u0439": 53921.56862745098, "\u041b\u0435\u043d\u0438\u043d\u0441\u043a\u0438\u0439": 52439.0243902439, "\u041a\u0430\u043b\u0438\u043d\u0438\u043d\u0441\u043a\u0438\u0439": 50786.423763105624, "\u0426\u0435\u043d\u0442\u0440\u0430\u043b\u044c\u043d\u044b\u0439": 57142.857142857145}, "desc": "\u0421\u0430\u043c\u044b\u043c \u0434\u043e\u0440\u043e\u0433\u0438\u043c \u0440\u0430\u0439\u043e\u043d\u043e\u043c \u0432 \u0422\u044e\u043c\u0435\u043d\u0438 \u044f\u0432\u043b\u044f\u0435\u0442\u0441\u044f \u0440\u0430\u0439\u043e\u043d \u0426\u0435\u043d\u0442\u0440\u0430\u043b\u044c\u043d\u044b\u0439. \u0421\u0440\u0435\u0434\u043d\u044f\u044f \u0441\u0442\u043e\u0438\u043c\u043e\u0441\u0442\u044c \u043a\u0432\u0430\u0434\u0440\u0430\u0442\u043d\u043e\u0433\u043e \u043c\u0435\u0442\u0440\u0430 \u043d\u0430 14 \u043d\u043e\u044f\u0431\u0440\u044f \u0432 \u044d\u0442\u043e\u043c \u0440\u0430\u0439\u043e\u043d\u0435 \u0441\u043e\u0441\u0442\u0430\u0432\u043b\u044f\u0435\u0442 57142 \u0442\u044b\u0441. \u0440\u0443\u0431\u043b\u0435\u0439. \u0421\u0430\u043c\u044b\u043c \u0434\u043e\u0441\u0442\u0443\u043f\u043d\u044b\u043c \u0440\u0430\u0439\u043e\u043d\u043e\u043c  \u0432 \u0422\u044e\u043c\u0435\u043d\u0438 \u044f\u0432\u043b\u044f\u0435\u0442\u0441\u044f \u0440\u0430\u0439\u043e\u043d \u041b\u0435\u0441\u043d\u043e\u0439. \u041c\u0438\u043d\u0438\u043c\u0430\u043b\u044c\u043d\u0430\u044f \u0441\u0440\u0435\u0434\u043d\u044f\u044f \u0441\u0442\u043e\u0438\u043c\u043e\u0441\u0442\u044c \u043a\u0432\u0430\u0434\u0440\u0430\u0442\u043d\u043e\u0433\u043e \u043c\u0435\u0442\u0440\u0430 \u0436\u0438\u043b\u044c\u044f \u043d\u0430 14 \u043d\u043e\u044f\u0431\u0440\u044f \u0441\u043e\u0441\u0442\u0430\u0432\u043b\u044f\u0435\u0442 37742 \u0442\u044b\u0441. \u0440\u0443\u0431\u043b\u0435\u0439. "}