{"samara": [54687.5, 52516.410501819664, 53333.32, 55370.37037037037], "tolyatti": [40000.0, 38819.444444444445, 40450.45045045045, 37250.71306504446], "novosibirsk": [61000.0, 58333.333333333336, 57377.04918032787, 60700.0], "volgograd": [47852.7629759976, 45352.728513714705, 44907.049180628324, 43538.4583112945], "izhevsk": [49763.02678531385, 48442.907213823615, 50000.0, 49357.89473684211], "ivanovo": [38997.35990751322, 37947.30484131459, 37254.901960784315, 38160.261864745], "moskva": [173405.21001546655, 163043.47826086957, 171199.99714916456, 219827.02922217455], "tula": [49552.551701126766, 48863.63636363636, 49165.765836513194, 50610.95728223351], "vladivostok": [109947.64178315723, 61991.65402202156, 110166.05839416059, 149218.0788754393], "chelyabinsk": [38059.52380952381, 36865.67164179104, 36489.1513246743, 36899.70371677412], "rostov-na-donu": [55541.59509829091, 54000.0, 53000.00233732906, 52238.80597014925], "sochi": [87500.0, 94198.71794871795, 101418.5110663984, 110276.42276422764], "perm": [55299.60905490666, 52712.699527302015, 50735.34628334467, 52747.26373441186], "yaroslavl": [46666.666666666664, 45236.72626463684, 45000.0, 46052.63157894737], "krasnodar": [48648.64864864865, 50000.00109541131, 50598.995695839316, 53333.333333333336], "barnaul": [47490.05256996756, 44377.41935483871, 42328.710424618796, 41530.75157773953], "kostroma": [43837.61721392867, 39763.13161014534, 38867.70599192144, 36309.52380952381], "ufa": [63000.001465402034, 61962.049660919816, 61836.089442940414, 64979.665285181436], "irkutsk": [50000.0, 55850.36636239972, 56641.79104477612, 54787.35902255639], "tyumen": [58139.53488372093, 56200.00076158433, 54166.666666666664, 54166.666666666664], "ekaterinburg": [72672.6743376832, 66000.0, 63793.10344827586, 63571.078431372545], "omsk": [41935.48387096774, 41982.142857142855, 40469.53618913861, 40000.0], "kaluga": [51149.426408733205, 50000.0, 50175.98755736895, 45299.1452991453], "vladimir": [42258.06451612903, 41363.63636363636, 41666.666666666664, 47863.24786324786], "kazan": [75000.0, 69022.11616772943, 65526.31578947369, 59094.94232475599], "tver": [45600.0, 44000.0, 42096.21937943528, 40677.96610169492], "nizhniy_novgorod": [64102.56331880811, 59090.90909090909, 57333.333333333336, 58885.45006420389], "ulyanovsk": [40604.708294861244, 38464.455596578395, 37692.307692307695, 38650.33222591362], "vologda": [41500.0, 39034.88372093023, 39095.303209079575, 38291.604441408665], "habarovsk": [71216.61559839864, 68672.11447035204, 66000.0, 64483.84868164109], "krasnoyarsk": [52709.525395086486, 52631.57875611003, 53418.80574104356, 53846.153846153844], "voronezh": [44473.06712107125, 43869.42728454963, 43668.77637130802, 39456.660796737735], "sankt-peterburg": [108722.77628384234, 105381.76609688421, 104855.64724401628, 114898.4827586207], "ryazan": [42622.95081967213, 41000.0, 40153.637862020245, 36556.602457996494], "saratov": [36486.48648648649, 37777.77777777778, 38612.380952380954, 39951.92307692308]}