{"data": {"3 \u0431\u043e\u0433\u0430\u0442\u044b\u0440\u0435\u0439\\ \u0420\u044f\u0437\u0430\u043d\u044c": 42000.0, "3 \u0431\u043e\u0433\u0430\u0442\u044b\u0440\u0435\u0439 \\ \u0420\u044f\u0437\u0430\u043d\u044c": 38222.22222222222, "\u0421\u043e\u0432\u0435\u0442\u0441\u043a\u0438\u0439": 43108.83447849823, "\u0416\u0435\u043b\u0435\u0437\u043d\u043e\u0434\u043e\u0440\u043e\u0436\u043d\u044b\u0439": 42396.08643786567, "\u041e\u043a\u0442\u044f\u0431\u0440\u044c\u0441\u043a\u0438\u0439": 39189.18918918919, "\u041c\u043e\u0441\u043a\u043e\u0432\u0441\u043a\u0438\u0439": 39760.15427473685}, "desc": "\u0421\u0430\u043c\u044b\u043c \u0434\u043e\u0440\u043e\u0433\u0438\u043c \u0440\u0430\u0439\u043e\u043d\u043e\u043c \u0432 \u0420\u044f\u0437\u0430\u043d\u0438 \u044f\u0432\u043b\u044f\u0435\u0442\u0441\u044f \u0440\u0430\u0439\u043e\u043d \u0421\u043e\u0432\u0435\u0442\u0441\u043a\u0438\u0439. \u0421\u0440\u0435\u0434\u043d\u044f\u044f \u0441\u0442\u043e\u0438\u043c\u043e\u0441\u0442\u044c \u043a\u0432\u0430\u0434\u0440\u0430\u0442\u043d\u043e\u0433\u043e \u043c\u0435\u0442\u0440\u0430 \u043d\u0430 14 \u043d\u043e\u044f\u0431\u0440\u044f \u0432 \u044d\u0442\u043e\u043c \u0440\u0430\u0439\u043e\u043d\u0435 \u0441\u043e\u0441\u0442\u0430\u0432\u043b\u044f\u0435\u0442 43108 \u0442\u044b\u0441. \u0440\u0443\u0431\u043b\u0435\u0439. \u0421\u0430\u043c\u044b\u043c \u0434\u043e\u0441\u0442\u0443\u043f\u043d\u044b\u043c \u0440\u0430\u0439\u043e\u043d\u043e\u043c  \u0432 \u0420\u044f\u0437\u0430\u043d\u0438 \u044f\u0432\u043b\u044f\u0435\u0442\u0441\u044f \u0440\u0430\u0439\u043e\u043d 3 \u0431\u043e\u0433\u0430\u0442\u044b\u0440\u0435\u0439 \\ \u0420\u044f\u0437\u0430\u043d\u044c. \u041c\u0438\u043d\u0438\u043c\u0430\u043b\u044c\u043d\u0430\u044f \u0441\u0440\u0435\u0434\u043d\u044f\u044f \u0441\u0442\u043e\u0438\u043c\u043e\u0441\u0442\u044c \u043a\u0432\u0430\u0434\u0440\u0430\u0442\u043d\u043e\u0433\u043e \u043c\u0435\u0442\u0440\u0430 \u0436\u0438\u043b\u044c\u044f \u043d\u0430 14 \u043d\u043e\u044f\u0431\u0440\u044f \u0441\u043e\u0441\u0442\u0430\u0432\u043b\u044f\u0435\u0442 38222 \u0442\u044b\u0441. \u0440\u0443\u0431\u043b\u0435\u0439. "}