{"data": {"\u0417\u0430\u0432\u043e\u043b\u0436\u0441\u043a\u0438\u0439": 38542.26190476191, "\u042f\u043a\u0438\u043c\u0430\u043d\u0438\u0445\u0430": 40513.83521381831, "\u041a\u0430\u0442\u0443\u0448\u0435\u0447\u043d\u0430\u044f \u0443\u043b\u0438\u0446\u0430": 48181.818181818184, "\u0426\u0435\u043d\u0442\u0440\u0430\u043b\u044c\u043d\u044b\u0439": 41385.81964336146, "\u0424\u0430\u0431\u0440\u0438\u0447\u043d\u044b\u0439": 40803.11958827694, "\u041b\u0435\u043d\u0438\u043d\u0441\u043a\u0438\u0439": 38750.0, "\u0421\u0432\u0435\u0440\u0434\u043b\u043e\u0432\u0441\u043a\u0438\u0439": 40888.37004251635}, "desc": "\u0421\u0430\u043c\u044b\u043c \u0434\u043e\u0440\u043e\u0433\u0438\u043c \u0440\u0430\u0439\u043e\u043d\u043e\u043c \u0432 \u041a\u043e\u0441\u0442\u0440\u043e\u043c\u0435 \u044f\u0432\u043b\u044f\u0435\u0442\u0441\u044f \u0440\u0430\u0439\u043e\u043d \u041a\u0430\u0442\u0443\u0448\u0435\u0447\u043d\u0430\u044f \u0443\u043b\u0438\u0446\u0430. \u0421\u0440\u0435\u0434\u043d\u044f\u044f \u0441\u0442\u043e\u0438\u043c\u043e\u0441\u0442\u044c \u043a\u0432\u0430\u0434\u0440\u0430\u0442\u043d\u043e\u0433\u043e \u043c\u0435\u0442\u0440\u0430 \u043d\u0430 14 \u043d\u043e\u044f\u0431\u0440\u044f \u0432 \u044d\u0442\u043e\u043c \u0440\u0430\u0439\u043e\u043d\u0435 \u0441\u043e\u0441\u0442\u0430\u0432\u043b\u044f\u0435\u0442 48181 \u0442\u044b\u0441. \u0440\u0443\u0431\u043b\u0435\u0439. \u0421\u0430\u043c\u044b\u043c \u0434\u043e\u0441\u0442\u0443\u043f\u043d\u044b\u043c \u0440\u0430\u0439\u043e\u043d\u043e\u043c  \u0432 \u041a\u043e\u0441\u0442\u0440\u043e\u043c\u0435 \u044f\u0432\u043b\u044f\u0435\u0442\u0441\u044f \u0440\u0430\u0439\u043e\u043d \u0417\u0430\u0432\u043e\u043b\u0436\u0441\u043a\u0438\u0439. \u041c\u0438\u043d\u0438\u043c\u0430\u043b\u044c\u043d\u0430\u044f \u0441\u0440\u0435\u0434\u043d\u044f\u044f \u0441\u0442\u043e\u0438\u043c\u043e\u0441\u0442\u044c \u043a\u0432\u0430\u0434\u0440\u0430\u0442\u043d\u043e\u0433\u043e \u043c\u0435\u0442\u0440\u0430 \u0436\u0438\u043b\u044c\u044f \u043d\u0430 14 \u043d\u043e\u044f\u0431\u0440\u044f \u0441\u043e\u0441\u0442\u0430\u0432\u043b\u044f\u0435\u0442 38542 \u0442\u044b\u0441. \u0440\u0443\u0431\u043b\u0435\u0439. "}