{"data": {"\u0421\u043e\u0432\u0435\u0442\u0441\u043a\u0438\u0439": 51886.79369768811, "\u041a\u0438\u0440\u043e\u0432\u0441\u043a\u0438\u0439": 47872.34042553192, "\u0426\u0435\u043d\u0442\u0440\u0430\u043b\u044c\u043d\u044b\u0439": 55285.71428571428, "\u0416\u0435\u043b\u0435\u0437\u043d\u043e\u0434\u043e\u0440\u043e\u0436\u043d\u044b\u0439": 51967.2342621259, "\u041e\u043a\u0442\u044f\u0431\u0440\u044c\u0441\u043a\u0438\u0439": 51020.4081632653, "\u041b\u0435\u043d\u0438\u043d\u0441\u043a\u0438\u0439": 44090.90909090909, "\u041f\u0440\u0438\u043a\u0443\u0431\u0430\u043d\u0441\u043a\u0438\u0439": 39215.68446943029, "\u0421\u0432\u0435\u0440\u0434\u043b\u043e\u0432\u0441\u043a\u0438\u0439": 48750.0}, "desc": "\u0421\u0430\u043c\u044b\u043c \u0434\u043e\u0440\u043e\u0433\u0438\u043c \u0440\u0430\u0439\u043e\u043d\u043e\u043c \u0432 \u041a\u0440\u0430\u0441\u043d\u043e\u044f\u0440\u0441\u043a\u0435 \u044f\u0432\u043b\u044f\u0435\u0442\u0441\u044f \u0440\u0430\u0439\u043e\u043d \u0426\u0435\u043d\u0442\u0440\u0430\u043b\u044c\u043d\u044b\u0439. \u0421\u0440\u0435\u0434\u043d\u044f\u044f \u0441\u0442\u043e\u0438\u043c\u043e\u0441\u0442\u044c \u043a\u0432\u0430\u0434\u0440\u0430\u0442\u043d\u043e\u0433\u043e \u043c\u0435\u0442\u0440\u0430 \u043d\u0430 14 \u043d\u043e\u044f\u0431\u0440\u044f \u0432 \u044d\u0442\u043e\u043c \u0440\u0430\u0439\u043e\u043d\u0435 \u0441\u043e\u0441\u0442\u0430\u0432\u043b\u044f\u0435\u0442 55285 \u0442\u044b\u0441. \u0440\u0443\u0431\u043b\u0435\u0439. \u0421\u0430\u043c\u044b\u043c \u0434\u043e\u0441\u0442\u0443\u043f\u043d\u044b\u043c \u0440\u0430\u0439\u043e\u043d\u043e\u043c  \u0432 \u041a\u0440\u0430\u0441\u043d\u043e\u044f\u0440\u0441\u043a\u0435 \u044f\u0432\u043b\u044f\u0435\u0442\u0441\u044f \u0440\u0430\u0439\u043e\u043d \u041f\u0440\u0438\u043a\u0443\u0431\u0430\u043d\u0441\u043a\u0438\u0439. \u041c\u0438\u043d\u0438\u043c\u0430\u043b\u044c\u043d\u0430\u044f \u0441\u0440\u0435\u0434\u043d\u044f\u044f \u0441\u0442\u043e\u0438\u043c\u043e\u0441\u0442\u044c \u043a\u0432\u0430\u0434\u0440\u0430\u0442\u043d\u043e\u0433\u043e \u043c\u0435\u0442\u0440\u0430 \u0436\u0438\u043b\u044c\u044f \u043d\u0430 14 \u043d\u043e\u044f\u0431\u0440\u044f \u0441\u043e\u0441\u0442\u0430\u0432\u043b\u044f\u0435\u0442 39215 \u0442\u044b\u0441. \u0440\u0443\u0431\u043b\u0435\u0439. "}