{"data": {"\u041c\u043e\u0442\u043e\u0432\u0438\u043b\u0438\u0445\u0438\u043d\u0441\u043a\u0438\u0439": 50000.0, "\u0418\u043d\u0434\u0443\u0441\u0442\u0440\u0438\u0430\u043b\u044c\u043d\u044b\u0439": 50793.65079365079, "\u041e\u0440\u0434\u0436\u043e\u043d\u0438\u043a\u0438\u0434\u0437\u0435\u0432\u0441\u043a\u0438\u0439": 38461.53760210947, "\u041a\u0438\u0440\u043e\u0432\u0441\u043a\u0438\u0439": 42644.0, "\u0414\u0437\u0435\u0440\u0436\u0438\u043d\u0441\u043a\u0438\u0439": 53571.430288729316, "\u041e\u043a\u0442\u044f\u0431\u0440\u044c\u0441\u043a\u0438\u0439": 48129.92515192935, "\u041b\u0435\u043d\u0438\u043d\u0441\u043a\u0438\u0439": 63184.31435992803, "\u041d\u043e\u0432\u044b\u0435 \u041b\u044f\u0434\u044b": 35652.17391304348, "\u0421\u0432\u0435\u0440\u0434\u043b\u043e\u0432\u0441\u043a\u0438\u0439": 50914.63533063366, "\u041a\u0438\u0440\u043e\u0432\u0441\u043a\u0438\u0439  \u0433.\u041f\u0435\u0440\u043c\u044c": 57894.73684210526}, "desc": "\u0421\u0430\u043c\u044b\u043c \u0434\u043e\u0440\u043e\u0433\u0438\u043c \u0440\u0430\u0439\u043e\u043d\u043e\u043c \u0432 \u041f\u0435\u0440\u043c\u0438 \u044f\u0432\u043b\u044f\u0435\u0442\u0441\u044f \u0440\u0430\u0439\u043e\u043d \u041b\u0435\u043d\u0438\u043d\u0441\u043a\u0438\u0439. \u0421\u0440\u0435\u0434\u043d\u044f\u044f \u0441\u0442\u043e\u0438\u043c\u043e\u0441\u0442\u044c \u043a\u0432\u0430\u0434\u0440\u0430\u0442\u043d\u043e\u0433\u043e \u043c\u0435\u0442\u0440\u0430 \u043d\u0430 14 \u043d\u043e\u044f\u0431\u0440\u044f \u0432 \u044d\u0442\u043e\u043c \u0440\u0430\u0439\u043e\u043d\u0435 \u0441\u043e\u0441\u0442\u0430\u0432\u043b\u044f\u0435\u0442 63184 \u0442\u044b\u0441. \u0440\u0443\u0431\u043b\u0435\u0439. \u0421\u0430\u043c\u044b\u043c \u0434\u043e\u0441\u0442\u0443\u043f\u043d\u044b\u043c \u0440\u0430\u0439\u043e\u043d\u043e\u043c  \u0432 \u041f\u0435\u0440\u043c\u0438 \u044f\u0432\u043b\u044f\u0435\u0442\u0441\u044f \u0440\u0430\u0439\u043e\u043d \u041d\u043e\u0432\u044b\u0435 \u041b\u044f\u0434\u044b. \u041c\u0438\u043d\u0438\u043c\u0430\u043b\u044c\u043d\u0430\u044f \u0441\u0440\u0435\u0434\u043d\u044f\u044f \u0441\u0442\u043e\u0438\u043c\u043e\u0441\u0442\u044c \u043a\u0432\u0430\u0434\u0440\u0430\u0442\u043d\u043e\u0433\u043e \u043c\u0435\u0442\u0440\u0430 \u0436\u0438\u043b\u044c\u044f \u043d\u0430 14 \u043d\u043e\u044f\u0431\u0440\u044f \u0441\u043e\u0441\u0442\u0430\u0432\u043b\u044f\u0435\u0442 35652 \u0442\u044b\u0441. \u0440\u0443\u0431\u043b\u0435\u0439. "}