{"data": {"\u0412\u043e\u0440\u043e\u0448\u0438\u043b\u043e\u0432\u0441\u043a\u0438\u0439": 52105.82306830907, "\u0421\u043e\u0432\u0435\u0442\u0441\u043a\u0438\u0439": 51851.851851851854, "\u041b\u0435\u0432\u0435\u043d\u0446\u043e\u0432\u0441\u043a\u0438\u0439": 58333.333333333336, "\u041a\u0438\u0440\u043e\u0432\u0441\u043a\u0438\u0439": 69230.76923076923, "\u041f\u0435\u0440\u0432\u043e\u043c\u0430\u0439\u0441\u043a\u0438\u0439": 50363.63636363636, "\u0421\u0443\u0432\u043e\u0440\u043e\u0432\u0441\u043a\u0438\u0439 \u0443\u043b\u0438\u0446\u0430 \u041f\u0435\u0442\u0440\u0435\u043d\u043a\u043e": 45500.0, "\u0416\u0435\u043b\u0435\u0437\u043d\u043e\u0434\u043e\u0440\u043e\u0436\u043d\u044b\u0439": 49152.542372881355, "\u041e\u043a\u0442\u044f\u0431\u0440\u044c\u0441\u043a\u0438\u0439": 52727.27272727273, "\u041b\u0435\u043d\u0438\u043d\u0441\u043a\u0438\u0439": 63000.0, "\u0421\u0443\u0432\u043e\u0440\u043e\u0432\u0441\u043a\u0438\u0439": 43013.333333333336, "\u041f\u0440\u043e\u043b\u0435\u0442\u0430\u0440\u0441\u043a\u0438\u0439": 54500.00084544033}, "desc": "\u0421\u0430\u043c\u044b\u043c \u0434\u043e\u0440\u043e\u0433\u0438\u043c \u0440\u0430\u0439\u043e\u043d\u043e\u043c \u0432 \u0420\u043e\u0441\u0442\u043e\u0432\u0435-\u043d\u0430-\u0414\u043e\u043d\u0443 \u044f\u0432\u043b\u044f\u0435\u0442\u0441\u044f \u0440\u0430\u0439\u043e\u043d \u041a\u0438\u0440\u043e\u0432\u0441\u043a\u0438\u0439. \u0421\u0440\u0435\u0434\u043d\u044f\u044f \u0441\u0442\u043e\u0438\u043c\u043e\u0441\u0442\u044c \u043a\u0432\u0430\u0434\u0440\u0430\u0442\u043d\u043e\u0433\u043e \u043c\u0435\u0442\u0440\u0430 \u043d\u0430 14 \u043d\u043e\u044f\u0431\u0440\u044f \u0432 \u044d\u0442\u043e\u043c \u0440\u0430\u0439\u043e\u043d\u0435 \u0441\u043e\u0441\u0442\u0430\u0432\u043b\u044f\u0435\u0442 69230 \u0442\u044b\u0441. \u0440\u0443\u0431\u043b\u0435\u0439. \u0421\u0430\u043c\u044b\u043c \u0434\u043e\u0441\u0442\u0443\u043f\u043d\u044b\u043c \u0440\u0430\u0439\u043e\u043d\u043e\u043c  \u0432 \u0420\u043e\u0441\u0442\u043e\u0432\u0435-\u043d\u0430-\u0414\u043e\u043d\u0443 \u044f\u0432\u043b\u044f\u0435\u0442\u0441\u044f \u0440\u0430\u0439\u043e\u043d \u0421\u0443\u0432\u043e\u0440\u043e\u0432\u0441\u043a\u0438\u0439. \u041c\u0438\u043d\u0438\u043c\u0430\u043b\u044c\u043d\u0430\u044f \u0441\u0440\u0435\u0434\u043d\u044f\u044f \u0441\u0442\u043e\u0438\u043c\u043e\u0441\u0442\u044c \u043a\u0432\u0430\u0434\u0440\u0430\u0442\u043d\u043e\u0433\u043e \u043c\u0435\u0442\u0440\u0430 \u0436\u0438\u043b\u044c\u044f \u043d\u0430 14 \u043d\u043e\u044f\u0431\u0440\u044f \u0441\u043e\u0441\u0442\u0430\u0432\u043b\u044f\u0435\u0442 43013 \u0442\u044b\u0441. \u0440\u0443\u0431\u043b\u0435\u0439. "}