{"data": {"\u0431\u043b\u043e\u0447\u043d\u044b\u0439": 44444.444444444445, "\u043a\u0438\u0440\u043f\u0438\u0447\u043d\u044b\u0439": 54300.00206653644, "\u043c\u043e\u043d\u043e\u043b\u0438\u0442\u043d\u044b\u0439": 53923.74517374518, "\u0434\u0435\u0440\u0435\u0432\u044f\u043d\u043d\u044b\u0439": 48863.63636363636, "\u043f\u0430\u043d\u0435\u043b\u044c\u043d\u044b\u0439": 52564.10256410256}, "desc": "\u041a\u0432\u0430\u0440\u0442\u0438\u0440\u044b \u0432 \u043a\u0438\u0440\u043f\u0438\u0447\u043d\u044b\u0445 \u0434\u043e\u043c\u0430\u0445 \u043e\u0431\u043e\u0439\u0434\u0443\u0442\u0441\u044f \u0434\u043e\u0440\u043e\u0436\u0435 \u043e\u0441\u0442\u0430\u043b\u044c\u043d\u044b\u0445 \u0432\u0430\u0440\u0438\u0430\u043d\u0442\u043e\u0432.\u041a\u0432\u0430\u0434\u0440\u0430\u0442\u043d\u044b\u0439 \u043c\u0435\u0442\u0440 \u0437\u0434\u0435\u0441\u044c \u0432 \u043d\u0438\u0445 \u0441\u0442\u043e\u0438\u0442 \u043f\u0440\u0438\u043c\u0435\u0440\u043d\u043e 54300 \u0442\u044b\u0441. \u0440\u0443\u0431\u043b\u0435\u0439. \u041c\u0438\u043d\u0438\u043c\u0430\u043b\u044c\u043d\u0430\u044f \u0441\u0442\u043e\u0438\u043c\u043e\u0441\u0442\u044c \u043a\u0432\u0430\u0434\u0440\u0430\u0442\u043d\u043e\u0433\u043e \u043c\u0435\u0442\u0440\u0430 \u0445\u0430\u0440\u0430\u043a\u0442\u0435\u0440\u043d\u0430 \u0434\u043b\u044f \u0431\u043b\u043e\u0447\u043d\u044b\u0445 \u0434\u043e\u043c\u043e\u0432 \u0438 \u0441\u043e\u0441\u0442\u0430\u0432\u043b\u044f\u0435\u0442 44444 \u0442\u044b\u0441. \u0440\u0443\u0431\u043b\u0435\u0439."}